{"cameraMode":{"drawMode":0,"name":"Shaded","section":"Shading Mode"},"sceneLighting":true,"audioPlay":false,"sceneViewState":{"m_AlwaysRefresh":false,"showFog":true,"showSkybox":false,"showFlares":true,"showImageEffects":true,"showParticleSystems":true,"showVisualEffectGraphs":true,"m_FxEnabled":false},"in2DMode":false,"pivot":{"x":2.528188705444336,"y":0.9355549812316895,"z":-0.37500953674316409},"rotation":{"x":0.19683688879013062,"y":-0.4438551366329193,"z":0.10060632228851319,"w":0.8684062361717224},"size":6.4811553955078129,"orthographic":false}