{"cameraMode":{"drawMode":0,"name":"Shaded","section":"Shading Mode"},"sceneLighting":true,"audioPlay":false,"sceneViewState":{"m_AlwaysRefresh":false,"showFog":true,"showSkybox":false,"showFlares":true,"showImageEffects":true,"showParticleSystems":true,"showVisualEffectGraphs":true,"m_FxEnabled":false},"in2DMode":false,"pivot":{"x":-5.719169616699219,"y":-1.8742685317993165,"z":2.0224151611328127},"rotation":{"x":0.13857847452163697,"y":-0.4716910719871521,"z":0.07534492760896683,"w":0.8675437569618225},"size":10.571675300598145,"orthographic":false}